question,answer
What are ovarian cysts?,Ovarian cysts are fluid-filled sacs on the ovaries, often harmless but can cause pain or bloating.
How is cervical cancer detected?,Regular Pap smears can detect cervical cancer early, often caused by HPV.
What causes ovarian pain?,Ovarian pain can result from cysts, hormonal changes, or other conditions.
Can diet prevent cervical cancer?,A healthy diet doesn’t directly prevent it, but it supports overall health; HPV is the main cause.
What are symptoms of ovarian issues?,Symptoms include pelvic pain, bloating, and irregular periods.
How to treat cervical cancer?,Treatment depends on stage, including surgery or radiation; early detection is key.
Are ovarian cysts common?,Yes, they are common and often resolve without treatment.
What is the weather like today?,I don’t have real-time data, but I hope it’s pleasant!
What’s your favorite food?,I don’t eat, but I’d pick pizza if I could!
How do I fix my car?,I’m not a mechanic, but a garage can help with that.
Can stress cause ovarian cysts?,Stress may contribute indirectly via hormonal changes, but it’s not a direct cause.
What are cervical cancer risks?,Risks include HPV infection, smoking, and a weak immune system.
How often should I get a Pap smear?,Guidelines suggest every 3-5 years for most women, consult your doctor.
What is the best movie?,I don’t watch movies, but many like "Inception"!
How do I cook pasta?,Boil water, add pasta, cook for 8-10 minutes—enjoy!
Can ovarian cysts affect fertility?,Some types can, but many don’t; consult a specialist.
What is HPV?,HPV is a common virus that can lead to cervical cancer if persistent.
How to reduce cervical cancer risk?,Vaccination against HPV and regular screenings reduce risk.
What is the capital of France?,Paris is the capital of France.
How do I play chess?,Chess involves strategy with pieces like kings and queens; learn the rules online!
Are ovarian cysts painful?,They can be, especially if they rupture or grow large.
What are cervical cancer symptoms?,Symptoms include abnormal bleeding and pelvic pain.
How does HPV spread?,HPV spreads through skin-to-skin contact, often sexually.
What is the best video game?,I don’t play, but "The Legend of Zelda" is popular!
How do I grow tomatoes?,Plant seeds in sunny soil, water regularly—good luck!
Can ovarian cysts be cancerous?,Most are benign, but some rare types can be cancerous.
What is cervical cancer staging?,Staging ranges from 0 to IV based on spread and severity.
How to check for ovarian cysts?,Ultrasound or pelvic exams can detect them.
What is the tallest mountain?,Mount Everest is the tallest at 8,848 meters.
How do I learn guitar?,Practice chords and scales; lessons help a lot!
Are cervical smears painful?,They can be slightly uncomfortable but usually not painful.
What causes ovarian cyst rupture?,Activities like exercise or trauma can sometimes cause rupture.
How to support ovarian health?,A balanced diet and regular checkups support health.
What is the best book?,I don’t read, but "To Kill a Mockingbird" is widely loved!
How do I bake a cake?,Mix flour, sugar, eggs, bake at 180°C for 30 minutes.
Can cervical cancer be cured?,Yes, if detected early, with high success rates.
What are ovarian cyst treatments?,Options include monitoring or surgery if needed.
How does ovarian cancer differ?,Ovarian cancer is rarer and often more aggressive than cysts.
What is the fastest animal?,The cheetah is the fastest, reaching 60-70 mph.
How do I paint a room?,Use primer, paint with a roller, let it dry—repeat if needed!
Are ovarian cysts hereditary?,There’s some genetic link, but it’s not fully hereditary.
What is cervical dysplasia?,It’s precancerous cervical cell changes, often HPV-related.
How to prepare for a Pap smear?,Avoid sex or douching 48 hours prior; relax during the test.
What is the best sport?,Opinions vary, but soccer is widely enjoyed!
How do I fix a leaky faucet?,Turn off water, replace the washer—call a plumber if unsure!
Can ovarian cysts cause infertility?,Some types may, but many don’t affect fertility.
What are cervical cancer stages?,Stages 0 to IV indicate progression from precancer to spread.
How to boost immune health?,Eat well, exercise, and get vaccinated.
What is the deepest ocean?,The Mariana Trench is the deepest at about 11 km.
How do I knit a scarf?,Use yarn and needles, follow a basic stitch pattern online!